"","assay_date","study_site","session","assay_id","temp","quoll_code","initial_repeat_assay","assay_number","trap_location","arena","snout_in_arena","haunches_in_arena","time_to_emerge_s","arena_entry","arena_entry_01","handler","scribe","remaining_bait_g","id","food_o","grooming_o","jump_climb_o","legs_o","moving_o","perch_o","resting_o","section_1_o","section_2_o","section_3_o","section_4_o","food_d","grooming_d","jump_climb_d","legs_d","moving_d","perch_d","resting_d","section_1_d","section_2_d","section_3_d","section_4_d","sumsect_o","totalact_o","quoll_id","microchip_number","sex","morph","dateof_original_capture","founder_id","name","origin","origin_specific","year_of_acquisition","date_of_acquisition","release_type","lineage","family_history","dna_collected","current_location","release1date","release2date","release3date","release_polygon","release_location","release_easting","release_northing","release_weight","release_condition","transfer_date","transfer_location","py_number","capture_id","capture_date","new_animal","ssr","processor","process_start","process_end","stress_in_trap","stress_in_bag","stress_on_table","condition","body_weight_kg","weight_minuses","pouch","teats","number_py","py_age","py_crl_mm","teeth_colour","teeth_sharpness","teeth_shine","age_estimate","teeth_comment","pes_l_mm","pes_r_mm","head_length_mm","samples_taken","processing_time_min","trap_site","easting","northing","general_location","trap_session_id","trap_session_date","trap_session_morning","session_desc","min_temp","wind_strength","moon_phase","start_time","finish_time","first_light","additional_info","notes","time_processtoassay","time_assaytolight"
"1",2024-01-20,"Goorooyarroo","GSBehavAssaysSUMA","GoorooA_1",-1.29889608273871,"53328","Repeat assay",2,"G33","Quollosseum",2024-01-20 00:46:27,"2024-01-20 00:47:27",60.0000000000004,"P","1","CG","SP",60,"GoorooyarrooA_1_53328",1,0,0,20,24,0,1,1,1,2,1,1.88,0,0,147.784,65.9,0,5.2,805.199,47.519,319.839,27.439,5,46,275,"900215006953328","M","Black",2023-04-28,NA,NA,"MFWS","MFWS",2023,NA,"MulligansBorn",NA,NA,"Yes","MF",NA,NA,NA,NA,NA,NA,NA,NA,NA,NA,NA,NA,1369,2024-01-18,"No","No","BW","2024-01-18 00:14:00",2024-01-18 00:19:30,"1. Quiet","1. Quiet","1. Quiet","Excellent",1.69,NA,NA,NA,NA,0,0,"White","Sharp","Shiny","2-3yrs",NA,55.4,55.7,91.6,"Yes","3.8194444444444443E-3","G33",NA,NA,"GS",41,2024-01-18,2024-01-19,"GS behavioural assays",12.1,"Still",-1.26309895511165,1899-12-31 23:25:00,1899-12-31 06:30:00,2024-01-19 05:38:00,"34 trap set",NA,2906.95,1.55066943580739
"2",2024-01-20,"Goorooyarroo","GSBehavAssaysSUMA","GoorooA_2",-1.29889608273871,"891E8","Initial assay",1,"G78","Quollosseum",2024-01-20 04:33:32,"2024-01-20 04:34:38",65.9999999999983,"P","1","CG","SP",52,"GoorooyarrooA_2_891E8",0,0,33,110,118,6,0,5,12,17,10,0,0,114.784,302.62,202.478,36.439,0,156.155,68.468,108.743,866.591,44,267,312,"00080891E8","F","Black",2024-01-19,NA,NA,"GS","GS",2024,NA,NA,NA,NA,"Yes","GS",NA,NA,NA,NA,NA,0,0,0,NA,NA,NA,0,1371,2024-01-19,"Yes","No","BW","2024-01-19 02:49:00",2024-01-19 02:57:18,"1. Quiet","1. Quiet","1. Quiet","Excellent",0.94,NA,"1 (adult)",NA,NA,0,0,"White","Sharp","Shiny","1-2yrs",NA,53,55,86.9,"Yes","5.7638888888888887E-3","G78",0,0,"GS",41,2024-01-18,2024-01-19,"GS behavioural assays",12.1,"Still",-1.26309895511165,1899-12-31 23:25:00,1899-12-31 06:30:00,2024-01-19 05:38:00,"34 trap set",NA,1536.23333333333,1.77448653753983
"3",2024-01-20,"Goorooyarroo","GSBehavAssaysSUMA","GoorooA_3",-1.29889608273871,"461D6","Initial assay",1,"G79","Aquollpolis",2024-01-20 04:38:27,"2024-01-20 04:39:08",41,"E","0","CG","SP",55,"GoorooyarrooA_3_461D6",6,2,14,57,65,3,0,4,9,11,5,7.519,70.08,93.834,177.494,162.605,175.558,0,203.676,298.671,130.75,566.875,29,147,313,"00080461D6","F","Black",2024-01-19,NA,NA,"GS","GS",2024,NA,NA,NA,NA,"Yes","GS",NA,NA,NA,NA,NA,0,0,0,NA,NA,NA,0,1374,2024-01-19,"Yes","No","BW","2024-01-19 03:06:00",2024-01-19 03:13:37,"1. Quiet","1. Quiet","1. Quiet","Good",0.92,NA,"1 (adult)",NA,NA,0,0,"White","Sharp","Shiny","1-2yrs",NA,55,54.9,87.8,"Yes","5.2893518518518515E-3","G79",0,0,"GS",41,2024-01-18,2024-01-19,"GS behavioural assays",12.1,"Still",-1.26309895511165,1899-12-31 23:25:00,1899-12-31 06:30:00,2024-01-19 05:38:00,"34 trap set",NA,1524.83333333333,1.77933248579752
"4",2024-01-20,"Goorooyarroo","GSBehavAssaysSUMA","GoorooA_4",-1.29889608273871,"5FA46","Initial assay",1,"G58","Quollympia",2024-01-20 04:42:39,"2024-01-20 04:43:17",37.9999999999995,"E","0","CG","SP",60,"GoorooyarrooA_4_5FA46",33,0,38,116,116,4,0,11,15,8,3,17.479,0,94.316,385.735,113.512,15.64,0,960.111,107.465,61.232,71.637,37,307,314,"000805FA46","F","Black",2024-01-19,NA,NA,"GS","GS",2024,NA,NA,NA,NA,"Yes","GS",NA,NA,NA,NA,NA,0,0,0,NA,NA,NA,0,1375,2024-01-19,"Yes","No","BW","2024-01-19 03:20:00",2024-01-19 03:31:38,"1. Quiet","1. Quiet","2. Fiesty","Excellent",1.15,NA,"2",NA,NA,0,0,"White","Sharp","Shiny","1-2yrs","Left upper middle molar inflamed",54.6,51.7,93.1,"Yes","8.0787037037037043E-3","G58",0,0,"GS",41,2024-01-18,2024-01-19,"GS behavioural assays",12.1,"Still",-1.26309895511165,1899-12-31 23:25:00,1899-12-31 06:30:00,2024-01-19 05:38:00,"34 trap set",NA,1511.01666666667,1.78347207549562
"5",2024-01-20,"Goorooyarroo","GSBehavAssaysSUMA","GoorooA_5",-0.858199197523788,"87148","Initial assay",1,"G78","Quollosseum",2024-01-20 05:17:29,"2024-01-20 05:17:29",0,"E","0","CG","SP",59,"GoorooyarrooA_5_87148",39,0,76,135,185,20,0,15,26,28,16,16.356,0,268.491,272.682,222.002,109.632,0,403.025,220.255,185.894,389.424,85,455,315,"8087148","M","Black",2024-01-19,NA,NA,"GS","GS",2024,NA,NA,NA,NA,"Yes","GS",NA,NA,NA,NA,NA,0,0,0,NA,NA,NA,0,1376,2024-01-19,"Yes","No","BW","2024-01-19 03:35:00",2024-01-19 03:41:50,"1. Quiet","2. Fiesty","2. Fiesty","Excellent",1.39,NA,NA,NA,NA,0,0,"White","Blunt","Shiny","1-2yrs",NA,61.9,61.1,97.3,"Yes","4.7453703703703703E-3","G78",0,0,"GS",41,2024-01-18,2024-01-19,"GS behavioural assays",12.1,"Still",-1.26309895511165,1899-12-31 23:25:00,1899-12-31 06:30:00,2024-01-19 05:38:00,"34 trap set",NA,1535.65,1.81780438688063
"6",2024-01-20,"Goorooyarroo","GSBehavAssaysSUMA","GoorooA_6",-0.858199197523788,"C5DDC","Initial assay",1,"G40","Aquollpolis",2024-01-20 05:21:11,"2024-01-20 05:21:11",0,"E","0","CG","SP",59,"GoorooyarrooA_6_C5DDC",16,1,35,93,135,16,0,5,11,12,6,6.996,0.2,141.146,267.874,145.52,147.427,0,140.195,84.909,462.829,512.034,34,296,318,"007BC5DDC","M","Black",2024-01-19,NA,NA,"GS","GS",2024,NA,NA,NA,NA,"Yes","GS",NA,NA,NA,NA,NA,0,0,0,NA,NA,NA,0,1379,2024-01-19,"Yes","No","BW","2024-01-19 04:17:00",2024-01-19 04:24:29,"1. Quiet","1. Quiet","2. Fiesty","Excellent",1.57,NA,NA,NA,NA,0,0,"White","Sharp","Shiny","1-2yrs",NA,60.7,60.8,94.2,"Yes","5.1967592592592595E-3","G40",0,0,"GS",41,2024-01-18,2024-01-19,"GS behavioural assays",12.1,"Still",-1.26309895511165,1899-12-31 23:25:00,1899-12-31 06:30:00,2024-01-19 05:38:00,"34 trap set",NA,1496.7,1.82145116828133
"7",2024-01-20,"Goorooyarroo","GSBehavAssaysSUMA","GoorooA_7",-0.637850754916329,"87F61",NA,1,"G70","Quollympia",2024-01-20 05:24:55,"2024-01-20 05:24:55",0,"E","0","CG","SP",58,"GoorooyarrooA_7_87F61",17,0,79,153,203,3,0,22,34,26,12,17.598,0,199.215,249.563,274.958,5.32,0,293.338,244.966,171.414,490.189,94,455,316,"0008087F61","M","Black",2024-01-19,NA,NA,"GS","GS",2024,NA,NA,NA,NA,"Yes","GS",NA,NA,NA,NA,NA,0,0,0,NA,NA,NA,0,1377,2024-01-19,"Yes","No","CG","2024-01-19 03:38:00",2024-01-19 03:50:25,"1. Quiet","1. Quiet","1. Quiet","Good",1.41,NA,NA,NA,NA,0,0,"White","Sharp","Shiny","1-2yrs",NA,62.8,62.5,103.6,"Yes","8.6226851851851846E-3","G70",0,0,"GS",41,2024-01-18,2024-01-19,"GS behavioural assays",12.1,"Still",-1.26309895511165,1899-12-31 23:25:00,1899-12-31 06:30:00,2024-01-19 05:38:00,"34 trap set",NA,1534.5,1.82513080356853
"8",2024-01-20,"Goorooyarroo","GSBehavAssaysSUMA","GoorooA_8",-0.637850754916329,"83712","Initial assay",1,"G28","Quollosseum",2024-01-20 05:52:16,"2024-01-20 05:52:20",3.99999999999743,"E","0","CG","SP",60,"GoorooyarrooA_8_83712",52,0,88,116,180,14,0,8,17,18,9,28.036,0,207.734,226.912,144.028,76.44,0,377.472,312.944,209.704,297.991,52,450,317,"8083712","M","Black",2024-01-19,NA,NA,"GS","GS",2024,NA,NA,NA,NA,"Yes","GS",NA,NA,NA,NA,NA,0,0,0,NA,NA,NA,0,1378,2024-01-19,"Yes","No","CG","2024-01-19 04:04:00",2024-01-19 04:16:23,"1. Quiet","1. Quiet","1. Quiet","Good",1.62,NA,NA,NA,NA,0,0,"White","Blunt","Shiny","1-2yrs",NA,61.2,61.4,101.2,"Yes","8.5995370370370375E-3","G28",0,0,"GS",41,2024-01-18,2024-01-19,"GS behavioural assays",12.1,"Still",-1.26309895511165,1899-12-31 23:25:00,1899-12-31 06:30:00,2024-01-19 05:38:00,"34 trap set",NA,1535.88333333333,1.8520874174359
"9",2024-01-20,"Goorooyarroo","GSBehavAssaysSUMA","GoorooA_9",-0.637850754916329,"5FC08",NA,1,"G30","Aquollpolis",2024-01-20 05:58:36,"2024-01-20 05:59:11",34.9999999999991,"P","1","CG","SP",60,"GoorooyarrooA_9_5FC08",16,0,70,107,127,19,0,9,16,15,8,4.279,0,230.729,173.96,91.116,92.353,0,272.991,108.864,92.025,726.073,48,339,319,"000805FC08","F","Black",2024-01-19,NA,NA,"GS","GS",2024,NA,NA,NA,NA,"Yes","GS",NA,NA,NA,NA,NA,0,0,0,NA,NA,NA,0,1380,2024-01-19,"Yes","No","BW","2024-01-19 05:42:00",2024-01-19 05:48:01,"1. Quiet","1. Quiet","1. Quiet","Excellent",0.95,NA,"1 (adult)",NA,NA,0,0,"White","Sharp","Shiny","1-2yrs",NA,53.5,53.1,89.3,"Yes","4.178240740740741E-3","G30",0,0,"GS",41,2024-01-18,2024-01-19,"GS behavioural assays",12.1,"Still",-1.26309895511165,1899-12-31 23:25:00,1899-12-31 06:30:00,2024-01-19 05:38:00,"34 trap set",NA,1450.58333333333,1.85832965586954
"10",2024-02-16,"Goorooyarroo","GSBehavAssaysSUMB","GoorooB_1",-0.197153869701411,"87148","Repeat assay",2,"G59","Quollosseum",2024-02-16 00:50:39,"2024-02-16 00:51:50",70.9999999999999,"P","1","CG","SP",60,"GoorooyarrooB_1_87148",0,0,0,9,11,0,0,1,1,2,1,0,0,0,232.758,12.038,0,0,88.879,1.799,458.279,651.039,5,20,315,"8087148","M","Black",2024-01-19,NA,NA,"GS","GS",2024,NA,NA,NA,NA,"Yes","GS",NA,NA,NA,NA,NA,0,0,0,NA,NA,NA,0,1496,2024-02-16,"No","Yes","SR","2024-02-16 00:06:00",2024-02-16 00:08:50,"1. Quiet","1. Quiet","1. Quiet","Excellent",1.602,NA,NA,NA,NA,0,0,"WHITE","SHARP","SHINY","1-2yrs",NA,62.9,64,101.7,"Yes","1.9675925925925924E-3","G59",0,0,"GS",48,2024-02-15,2024-02-16,"GS behavioural assays",16,"Still",-1.60070723996933,1899-12-31 22:30:00,1899-12-31 02:30:00,2024-02-16 06:10:00,"34 traps set",NA,41.8166666666667,0.103981397981877
"11",2024-02-16,"Goorooyarroo","GSBehavAssaysSUMB","GoorooB_2",-0.197153869701411,"461D6","Repeat assay",2,"G78","Quollympia",2024-02-16 00:55:52,"2024-02-16 00:55:53",0.999999999999956,"E","0","CG","SP",60,"GoorooyarrooB_2_461D6",2,0,3,5,14,2,0,1,1,2,1,0.96,0,69.838,21.879,15.198,990.679,0,287.639,7.079,860.799,44.479,5,26,313,"00080461D6","F","Black",2024-01-19,NA,NA,"GS","GS",2024,NA,NA,NA,NA,"Yes","GS",NA,NA,NA,NA,NA,0,0,0,NA,NA,NA,0,1498,2024-02-15,"No","Yes","SR","2024-02-15 23:23:00",2024-02-15 23:28:23,"1. Quiet","1. Quiet","1. Quiet","Excellent",0.862,NA,"1 (adult)",NA,NA,0,0,"WHITE","SHARP","SHINY","1-2yrs",NA,57.5,56.6,88.2,"Yes","3.7384259259259259E-3","G78",0,0,"GS",48,2024-02-15,2024-02-16,"GS behavioural assays",16,"Still",-1.60070723996933,1899-12-31 22:30:00,1899-12-31 02:30:00,2024-02-16 06:10:00,"34 traps set",NA,87.4833333333333,0.109123031218005
"12",2024-02-16,"Goorooyarroo","GSBehavAssaysSUMB","GoorooB_3",-0.197153869701411,"891E8","Repeat assay",2,"G78","Aquollpolis",2024-02-16 00:59:34,"2024-02-16 01:00:03",29.0000000000005,"E","0","CG","SP",60,"GoorooyarrooB_3_891E8",11,0,5,51,43,0,0,4,6,6,3,11.68,0,35.56,510.819,58.427,0,0,319.716,82.114,424.435,373.717,19,110,312,"00080891E8","F","Black",2024-01-19,NA,NA,"GS","GS",2024,NA,NA,NA,NA,"Yes","GS",NA,NA,NA,NA,NA,0,0,0,NA,NA,NA,0,1499,2024-02-15,"No","Yes","SR","2024-02-15 23:40:00",2024-02-15 23:44:06,"1. Quiet","1. Quiet","1. Quiet","Excellent",0.928,NA,"0 (immature)",NA,NA,0,0,"WHITE","SHARP","SHINY","1-2yrs",NA,56.1,56.9,86.8,"Yes","2.8472222222222223E-3","G78",0,0,"GS",48,2024-02-15,2024-02-16,"GS behavioural assays",16,"Still",-1.60070723996933,1899-12-31 22:30:00,1899-12-31 02:30:00,2024-02-16 06:10:00,"34 traps set",NA,75.4666666666667,0.11276981261871
"13",2024-02-16,"Goorooyarroo","GSBehavAssaysSUMB","GoorooB_4",-0.197153869701411,"6D409",NA,1,"G32","Quollosseum",2024-02-16 02:26:28,"2024-02-16 02:26:30",1.99999999999991,"E","0","CG","SP",60,"GoorooyarrooB_4_6D409",3,0,9,31,32,3,0,4,5,3,1,0.96,0,37.798,142.512,28.154,856.44,0,1016.997,68.875,63.117,50.999,13,78,342,"000816D409","F","Black",2024-02-15,NA,NA,"GS","GS",2024,NA,NA,NA,NA,"Yes","GS",NA,NA,NA,NA,NA,0,0,0,NA,NA,NA,0,1501,2024-02-15,"Yes","No","BW","2024-02-15 23:52:00",2024-02-15 00:04:05,"1. Quiet","1. Quiet","1. Quiet","Excellent",0.89,NA,"0 (immature)",NA,NA,0,0,"WHITE","SHARP","SHINY","<1yr",NA,52.7,52.6,90.5,"Yes","8.3912037037037045E-3","G32",0,0,"GS",48,2024-02-15,2024-02-16,"GS behavioural assays",16,"Still",-1.60070723996933,1899-12-31 22:30:00,1899-12-31 02:30:00,2024-02-16 06:10:00,"34 traps set",NA,1582.38333333333,0.198419894705532
"14",2024-02-16,"Goorooyarroo","GSBehavAssaysSUMB","GoorooB_5",-0.197153869701411,"83712","Repeat assay",2,"G30","Quollympia",2024-02-16 02:30:06,"2024-02-16 02:31:15",69,"P","1","CG","SP",60,"GoorooyarrooB_5_83712",5,0,9,28,24,5,0,2,4,3,1,2.12,0,26.555,272.381,16.673,26.157,0,330.038,731.357,53.997,84.599,10,71,317,"8083712","M","Black",2024-01-19,NA,NA,"GS","GS",2024,NA,NA,NA,NA,"Yes","GS",NA,NA,NA,NA,NA,0,0,0,NA,NA,NA,0,1500,2024-02-15,"No","Yes","BW","2024-02-15 00:18:00",2024-02-15 00:22:25,"1. Quiet","1. Quiet","1. Quiet","Excellent",1.621,NA,NA,NA,NA,0,0,"WHITE","SHARP","SHINY","1-2yrs",NA,61.9,61.3,106.9,"Yes","3.0671296296296297E-3","G30",0,0,"GS",48,2024-02-15,2024-02-16,"GS behavioural assays",16,"Still",-1.60070723996933,1899-12-31 22:30:00,1899-12-31 02:30:00,2024-02-16 06:10:00,"34 traps set",NA,1567.68333333333,0.202000968333251
"15",2024-02-16,"Goorooyarroo","GSBehavAssaysSUMB","GoorooB_6",-0.197153869701411,"C5DDC","Repeat assay",2,"G30","Aquollpolis",2024-02-16 02:33:58,"2024-02-16 02:33:58",0,"E","0","CG","SP",60,"GoorooyarrooB_6_C5DDC",0,0,0,0,2,0,0,1,0,0,0,0,0,0,0,2.2,0,0,1200,0,0,0,1,2,318,"007BC5DDC","M","Black",2024-01-19,NA,NA,"GS","GS",2024,NA,NA,NA,NA,"Yes","GS",NA,NA,NA,NA,NA,0,0,0,NA,NA,NA,0,1495,2024-02-16,"No","Yes","BW","2024-02-16 00:31:00",2024-02-16 00:35:30,"1. Quiet","1. Quiet","1. Quiet","Excellent",1.604,NA,NA,NA,NA,0,0,"WHITE","SHARP","SHINY","1-2yrs",NA,60.5,60.7,107.1,"Yes","3.1250000000000002E-3","G30",0,0,"GS",48,2024-02-15,2024-02-16,"GS behavioural assays",16,"Still",-1.60070723996933,1899-12-31 22:30:00,1899-12-31 02:30:00,2024-02-16 06:10:00,"34 traps set",NA,118.466666666667,0.20581201916642
"16",2024-02-16,"Goorooyarroo","GSBehavAssaysSUMB","GoorooB_7",-0.197153869701411,"5FA46","Repeat assay",2,"G79","Quollosseum",2024-02-16 03:08:30,"2024-02-16 03:09:40",70.0000000000006,"P","1","CG","SP",60,"GoorooyarrooB_7_5FA46",2,0,0,4,11,0,0,1,1,0,0,0.76,0,0,535.64,5.16,0,0,127.919,1072.08,0,0,2,17,314,"000805FA46","F","Black",2024-01-19,NA,NA,"GS","GS",2024,NA,NA,NA,NA,"Yes","GS",NA,NA,NA,NA,NA,0,0,0,NA,NA,NA,0,1497,2024-02-16,"No","Yes","SR","2024-02-16 00:24:00",2024-02-16 00:32:08,"1. Quiet","1. Quiet","1. Quiet","Excellent",1.218,NA,NA,NA,NA,0,0,"WHITE","SHARP","SHINY","1-2yrs",NA,53.9,54.7,92.8,"Yes","5.6481481481481478E-3","G79",0,0,"GS",48,2024-02-15,2024-02-16,"GS behavioural assays",16,"Still",-1.60070723996933,1899-12-31 22:30:00,1899-12-31 02:30:00,2024-02-16 06:10:00,"34 traps set",NA,156.366666666667,0.239848645572997
"17",2024-01-24,"MFWS","MFBehavAssaysSUMA","MulligansA_1",1.3452852285508,"56861","Initial assay",1,"W55","Quollympia",2024-01-24 22:56:55,"2024-01-24 22:57:30",34.9999999999895,"E","0","CG","SP",10,"MulligansA_1_56861",48,1,104,100,157,51,0,17,32,39,24,228.183,0.64,251.909,109.316,139.043,364.016,0,289.223,219.09,374.281,314.897,112,461,320,"8156861","F","Black",2024-01-25,NA,NA,"MFWS","MFWS",2024,NA,"MulligansBorn",NA,NA,"Yes","MF",NA,NA,NA,NA,NA,0,0,0,NA,NA,NA,0,1381,2024-01-25,"Yes","No","SR","2024-01-25 22:14:00",2024-01-25 22:23:39,"1. Quiet","1. Quiet","1. Quiet","Good",0.49,NA,"0 (immature)",NA,NA,0,0,"White","Sharp","Shiny","<1yr",NA,49,49.7,73,"Yes","6.7013888888888887E-3","W55",0,0,"MFWS",42,2024-01-25,2024-01-26,"MF behavioural assays",20.8,"Still",0.955743030355272,1899-12-31 22:05:00,1899-12-31 01:40:00,2024-01-26 05:46:00,"34 trap set",NA,-1406.73333333333,-1.40374916094732
"18",2024-01-25,"MFWS","MFBehavAssaysSUMA","MulligansA_10",1.3452852285508,"6D53F",NA,1,"W19","Quollympia",2024-01-25 01:37:45,"2024-01-25 01:37:45",0,"E","0","CG","SP",48,"MulligansA_10_6D53F",22,0,7,92,104,0,0,5,11,12,6,45.76,0,17.04,493.743,84.46,0,0,85.795,282.35,259.708,572.114,34,225,326,"000816D53F","M","Black",2024-01-25,NA,NA,"MFWS","MFWS",2024,NA,"MulligansBorn",NA,NA,"Yes","MF",NA,NA,NA,NA,NA,0,0,0,NA,NA,NA,0,1390,2024-01-25,"Yes","No","MWS","2024-01-25 23:37:00",2024-01-25 23:46:46,"1. Quiet","1. Quiet","1. Quiet","Excellent",1.23,NA,NA,NA,NA,0,0,"White","Sharp","Dull","2-3yrs",NA,53.75,53.8,92.45,"Yes","6.7824074074074071E-3","W19",0,0,"MFWS",42,2024-01-25,2024-01-26,"MF behavioural assays",20.8,"Still",0.955743030355272,1899-12-31 22:05:00,1899-12-31 01:40:00,2024-01-26 05:46:00,"34 trap set",NA,-1329.01666666667,-1.24522915861939
"19",2024-01-25,"MFWS","MFBehavAssaysSUMA","MulligansA_11",1.3452852285508,"86FFC",NA,1,"W64","Quollosseum",2024-01-25 02:50:53,"2024-01-25 02:50:56",2.99999999999927,"E","0","CG","MWS",60,"MulligansA_11_86FFC",5,0,104,62,82,33,0,12,14,12,9,4,0,222.327,89.752,69.369,687.985,0,788.309,193.666,89.988,127.991,47,286,335,"0008086FFC","F","Black",2023-11-02,NA,NA,"MFWS","MFWS",2023,NA,"MulligansBorn",NA,NA,"Yes","MF",NA,NA,NA,NA,NA,NA,NA,NA,NA,NA,NA,NA,1395,2024-01-25,"No","No","SR","2024-01-25 23:57:00",2024-01-25 23:59:45,"1. Quiet","2. Fiesty","1. Quiet","Good",0.88,NA,"3",NA,NA,0,0,"White","Blunt","Shiny","1-2yrs",NA,51.3,53,85.4,"Yes","1.9097222222222222E-3","W64",0,0,"MFWS",42,2024-01-25,2024-01-26,"MF behavioural assays",20.8,"Still",0.955743030355272,1899-12-31 22:05:00,1899-12-31 01:40:00,2024-01-26 05:46:00,"34 trap set",NA,-1268.86666666667,-1.17314773165411
"20",2024-01-25,"MFWS","MFBehavAssaysSUMA","MulligansA_12",1.56563367115826,"53527","Initial assay",1,"W75","Quollympia",2024-01-25 02:53:03,"2024-01-25 02:53:05",1.99999999999991,"E","0","CG","MWS",48,"MulligansA_12_53527",36,1,50,69,121,14,0,11,20,20,10,77.919,1.32,152.747,133.237,107.81,74.156,0,525.989,193.5,262.661,217.27,61,291,281,"900215006953527","F","Black",2023-05-04,NA,NA,"MFWS","MFWS",2023,NA,"MulligansBorn",NA,NA,"Yes","MF",NA,NA,NA,NA,NA,NA,NA,NA,NA,NA,NA,NA,1393,2024-01-26,"No","No","KM","2024-01-26 00:39:00",2024-01-26 00:48:03,"1. Quiet","1. Quiet","1. Quiet","Excellent",0.91,NA,"3",NA,NA,0,0,"White","Blunt","Dull","2-3yrs",NA,55.6,55,89.6,"Yes","6.2847222222222219E-3","W75",0,0,"MFWS",42,2024-01-25,2024-01-26,"MF behavioural assays",20.8,"Still",0.955743030355272,1899-12-31 22:05:00,1899-12-31 01:40:00,2024-01-26 05:46:00,"34 trap set",NA,-1315,-1.17101222903208
"21",2024-01-25,"MFWS","MFBehavAssaysSUMA","MulligansA_13",1.56563367115826,"5CB85","Initial assay",1,"W75","Aquollpolis",2024-01-25 02:55:49,"2024-01-25 02:55:53",3.99999999999863,"E","0","CG","MWS",60,"MulligansA_13_5CB85",11,1,105,111,109,43,0,18,30,21,9,5.68,68.2,206.788,210.098,68.888,342.432,0,317.462,395.891,310.5,176.031,78,380,252,"000805CB85","F","Black",2023-02-21,NA,NA,"MFWS","MFWS",2023,NA,"MulligansBorn",NA,NA,"Yes","MF",NA,NA,NA,NA,NA,NA,NA,NA,NA,NA,NA,NA,1394,2024-01-26,"No","No","KM","2024-01-26 00:55:00",2024-01-26 01:02:00,"1. Quiet","1. Quiet","1. Quiet","Good",0.91,NA,"1 (adult)",NA,NA,0,0,"White","Sharp","Dull","1-2yrs",NA,51.9,53.3,86.8,"Yes","4.8611111111111112E-3","W75",0,0,"MFWS",42,2024-01-25,2024-01-26,"MF behavioural assays",20.8,"Still",0.955743030355272,1899-12-31 22:05:00,1899-12-31 01:40:00,2024-01-26 05:46:00,"34 trap set",NA,-1326.18333333333,-1.16828535645317
"22",2024-01-25,"MFWS","MFBehavAssaysSUMA","MulligansA_14",1.3452852285508,"71872","Initial assay",1,"W64","Quollosseum",2024-01-25 03:52:03,"2024-01-25 03:52:03",0,"E","0","CG","SP",39,"MulligansA_14_71872",40,4,98,140,181,25,0,14,25,25,13,97.117,66.16,243.932,183.301,123.643,195.826,0,505.506,217.695,227.216,249.507,77,488,328,"8171872","F","Black",2024-01-25,NA,NA,"MFWS","MFWS",2024,NA,"MulligansBorn",NA,NA,"Yes","MF",NA,NA,NA,NA,NA,0,0,0,NA,NA,NA,0,1396,2024-01-26,"Yes","No","SR","2024-01-26 00:06:00",2024-01-26 00:20:27,"1. Quiet","1. Quiet","1. Quiet","Good",0.51,NA,"0 (immature)",NA,NA,0,0,"White","Sharp","Shiny","<1yr",NA,49.6,50.3,78.3,"Yes","1.0034722222222223E-2","W64",0,0,"MFWS",42,2024-01-25,2024-01-26,"MF behavioural assays",20.8,"Still",0.955743030355272,1899-12-31 22:05:00,1899-12-31 01:40:00,2024-01-26 05:46:00,"34 trap set",NA,-1228.4,-1.11286084993976
"23",2024-01-25,"MFWS","MFBehavAssaysSUMA","MulligansA_15",1.3452852285508,"BCA09",NA,1,"W22","Quollympia",2024-01-25 03:55:01,"2024-01-25 03:55:26",25.0000000000007,"E","0","CG","MWS",49,"MulligansA_15_BCA09",59,0,8,122,203,0,0,17,33,37,20,127.712,0,5.52,376.038,227.373,0,0,259.943,307.007,382.124,250.82,107,392,198,"0007BBCA09","F","Fawn",2022-04-29,NA,NA,"MFWS","MFWS",2022,NA,"MulligansBorn",NA,NA,"Yes","MF",NA,NA,NA,NA,NA,NA,NA,NA,NA,NA,NA,NA,1397,2024-01-26,"No","No","MWS","2024-01-26 00:19:00",2024-01-26 00:24:49,"1. Quiet","1. Quiet","2. Fiesty","Fair",1.31,NA,"2",NA,NA,0,0,"White","Sharp","Dull","2-3yrs",NA,54.4,54.3,94.4,"Yes","4.0393518518518521E-3","W22",0,0,"MFWS",42,2024-01-25,2024-01-26,"MF behavioural assays",20.8,"Still",0.955743030355272,1899-12-31 22:05:00,1899-12-31 01:40:00,2024-01-26 05:46:00,"34 trap set",NA,-1229.8,-1.10993685404189
"24",2024-01-25,"MFWS","MFBehavAssaysSUMA","MulligansA_16",1.3452852285508,"67D6E","Initial assay",1,"W25","Aquollpolis",2024-01-25 03:58:42,"2024-01-25 03:58:48",5.99999999999854,"E","0","CG","MWS",60,"MulligansA_16_67D6E",11,0,75,72,88,34,0,9,19,22,12,6.639,0,351.322,115.338,80.727,236.891,0,136.311,473.782,375.098,214.548,62,280,339,"0008067D6E","F","Black",2023-11-06,NA,NA,"MFWS","MFWS",2023,NA,"MulligansBorn",NA,NA,"Yes","MF",NA,NA,NA,NA,NA,NA,NA,NA,NA,NA,NA,NA,1398,2024-01-26,"No","No","MWS","2024-01-26 00:39:00",2024-01-26 00:44:59,"1. Quiet","1. Quiet","1. Quiet","Good",0.96,NA,"1 (adult)",NA,NA,0,0,"White","Blunt","Dull","2-3yrs",NA,53.3,52.7,88.4,"Yes","4.1550925925925922E-3","W25",0,0,"MFWS",42,2024-01-25,2024-01-26,"MF behavioural assays",20.8,"Still",0.955743030355272,1899-12-31 22:05:00,1899-12-31 01:40:00,2024-01-26 05:46:00,"34 trap set",NA,-1246.28333333333,-1.10630649958444
"25",2024-01-25,"MFWS","MFBehavAssaysSUMA","MulligansA_17",1.12493678594334,"53326","Initial assay",1,"W27","Quollosseum",2024-01-25 04:46:52,"2024-01-25 04:46:53",1.00000000000176,"E","0","CG","MWS",39,"MulligansA_17_53326",3,1,7,10,20,1,0,2,2,1,1,3.36,9,40.519,29.755,21.397,17.319,0,1023.318,49.558,19.319,107.8,6,42,263,"900215006953326","F","Black",2023-04-28,NA,NA,"MFWS","MFWS",2023,NA,"MulligansBorn",NA,NA,"Yes","MF",NA,NA,NA,NA,NA,NA,NA,NA,NA,NA,NA,NA,1399,2024-01-26,"No","No","MWS","2024-01-26 00:58:00",2024-01-26 01:01:40,"1. Quiet","1. Quiet","1. Quiet","Good",0.91,NA,"1 (adult)",NA,NA,0,0,"White","Sharp","Shiny","1-2yrs",NA,52.7,52.95,89.3,"Yes","2.5462962962962965E-3","W27",0,0,"MFWS",42,2024-01-25,2024-01-26,"MF behavioural assays",20.8,"Still",0.955743030355272,1899-12-31 22:05:00,1899-12-31 01:40:00,2024-01-26 05:46:00,"34 trap set",NA,-1214.8,-1.05883263360229
"26",2024-01-25,"MFWS","MFBehavAssaysSUMA","MulligansA_18",1.3452852285508,"6E990",NA,1,"W27","Quollympia",2024-01-25 04:49:51,"2024-01-25 04:50:07",15.9999999999993,"E","0","CG","MWS",39,"MulligansA_18_6E990",23,0,90,124,156,23,0,13,23,27,16,70.797,0,410.175,203.077,143.789,116.431,0,279.628,136.897,302.533,480.864,79,416,329,"000816E990","F","Black",2024-01-26,NA,NA,"MFWS","MFWS",2024,NA,"MulligansBorn",NA,NA,"Yes","MF",NA,NA,NA,NA,NA,0,0,0,NA,NA,NA,0,1400,2024-01-26,"Yes","No","MWS","2024-01-26 01:06:00",2024-01-26 01:13:18,"1. Quiet","1. Quiet","1. Quiet","Fair",0.58,NA,"0 (immature)",NA,NA,0,0,"White","Sharp","Shiny","<1yr",NA,57,50.8,79,"Yes","5.0694444444444441E-3","W27",0,0,"MFWS",42,2024-01-25,2024-01-26,"MF behavioural assays",20.8,"Still",0.955743030355272,1899-12-31 22:05:00,1899-12-31 01:40:00,2024-01-26 05:46:00,"34 trap set",NA,-1223.45,-1.05589221076118
"27",2024-01-25,"MFWS","MFBehavAssaysSUMA","MulligansA_19",1.3452852285508,"525C8","Initial assay",1,"W29","Aquollpolis",2024-01-25 04:52:46,"2024-01-25 04:53:21",34.9999999999991,"E","0","CG","MWS",52,"MulligansA_19_525C8",24,0,3,41,85,0,0,5,6,6,4,64.88,0,5.759,104.271,97.586,0,0,831.516,238.914,60.874,68.676,21,153,327,"00081525C8","M","Fawn",2024-01-25,NA,NA,"MFWS","MFWS",2024,NA,"MulligansBorn",NA,NA,"Yes","MF",NA,NA,NA,NA,NA,0,0,0,NA,NA,NA,0,1391,2024-01-26,"Yes","No","MWS","2024-01-26 01:30:00",2024-01-26 01:37:33,"1. Quiet","1. Quiet","1. Quiet","Fair",0.59,NA,NA,NA,NA,0,0,"White","Sharp","Shiny","<1yr",NA,48.6,48.7,74.8,"Yes","5.2430555555555555E-3","W29",0,0,"MFWS",42,2024-01-25,2024-01-26,"MF behavioural assays",20.8,"Still",0.955743030355272,1899-12-31 22:05:00,1899-12-31 01:40:00,2024-01-26 05:46:00,"34 trap set",NA,-1244.78333333333,-1.05301749569306
"28",2024-01-24,"MFWS","MFBehavAssaysSUMA","MulligansA_2",1.3452852285508,"87DE0","Repeat",2,"W55","Aquollpolis",2024-01-24 23:05:41,"2024-01-24 23:05:41",0,"E","0","CG","SP",34,"MulligansA_2_87DE0",35,0,29,71,98,0,0,7,13,10,4,65.195,0,64.753,214.68,78.973,0,0,203.873,113.467,195.23,687.397,34,233,293,"0008087DE0","M","Black",2023-05-18,NA,NA,"MFWS","MFWS",2023,NA,"MulligansBorn",NA,NA,"Yes","MF",NA,NA,NA,NA,NA,NA,NA,NA,NA,NA,NA,NA,1382,2024-01-25,"No","No","KM","2024-01-25 22:38:00",2024-01-25 22:41:55,"1. Quiet","1. Quiet","1. Quiet","Excellent",1.04,NA,NA,NA,NA,0,0,"White","Blunt","Shiny","1-2yrs",NA,55,56.1,91.3,"Yes","2.7199074074074074E-3","W55",0,0,"MFWS",42,2024-01-25,2024-01-26,"MF behavioural assays",20.8,"Still",0.955743030355272,1899-12-31 22:05:00,1899-12-31 01:40:00,2024-01-26 05:46:00,"34 trap set",NA,-1416.23333333333,-1.39510858879971
"29",2024-01-25,"MFWS","MFBehavAssaysSUMA","MulligansA_20",1.3452852285508,"88B4C",NA,1,"W81","Quollosseum",2024-01-25 05:22:22,"2024-01-25 05:22:22",0,"E","0","CG","MWS",60,"MulligansA_20_88B4C",11,1,85,52,82,30,0,6,12,16,10,11.16,1.48,215.77,81.809,77.1,156.7,0,109.354,112.588,157.264,820.751,44,261,334,"0008088B4C","F","Black",2023-11-03,NA,NA,"MFWS","MFWS",2023,NA,"MulligansBorn",NA,NA,"Yes","MF",NA,NA,NA,NA,NA,NA,NA,NA,NA,NA,NA,NA,1392,2024-01-26,"No","No","MWS","2024-01-26 01:54:00",2024-01-26 01:59:06,"1. Quiet","1. Quiet","1. Quiet","Good",1.13,NA,"0 (immature)",NA,NA,0,0,"White","Sharp","Shiny","1-2yrs",NA,55.8,55.6,88.7,"Yes","3.5416666666666665E-3","W81",0,0,"MFWS",42,2024-01-25,2024-01-26,"MF behavioural assays",20.8,"Still",0.955743030355272,1899-12-31 22:05:00,1899-12-31 01:40:00,2024-01-26 05:46:00,"34 trap set",NA,-1236.73333333333,-1.02384324448742
"30",2024-01-25,"MFWS","MFBehavAssaysSUMA","MulligansA_3",1.3452852285508,"53526",NA,1,"W7","Quollosseum",2024-01-25 00:26:09,"2024-01-25 00:26:09",0,"E","0","CG","SP",21,"MulligansA_3_53526",14,3,27,40,54,5,0,3,5,6,4,80.438,41.999,42.313,102.339,46.591,170.237,0,177.517,60.796,201.714,759.477,18,143,262,"900215006953526","F","Black",2023-04-28,NA,NA,"MFWS","MFWS",2023,NA,"MulligansBorn",NA,NA,"Yes","MF",NA,NA,NA,NA,NA,NA,NA,NA,NA,NA,NA,NA,1386,2024-01-25,"No","No","MWS","2024-01-25 22:14:00",2024-01-25 22:23:06,"1. Quiet","1. Quiet","2. Fiesty","Good",0.89,NA,"1 (adult)",NA,NA,0,0,"White","Sharp","Dull","1-2yrs",NA,55.9,56.2,89.7,"Yes","6.3194444444444444E-3","W7",0,0,"MFWS",42,2024-01-25,2024-01-26,"MF behavioural assays",20.8,"Still",0.955743030355272,1899-12-31 22:05:00,1899-12-31 01:40:00,2024-01-26 05:46:00,"34 trap set",NA,-1316.95,-1.315799306806
"31",2024-01-25,"MFWS","MFBehavAssaysSUMA","MulligansA_5",1.3452852285508,"84B2F",NA,1,"W57","Quollympia",2024-01-25 00:32:27,"2024-01-25 00:32:27",0,"E","0","CG","SP",58,"MulligansA_5_84B2F",26,0,158,107,169,59,0,19,37,38,20,15.239,0,297.937,228.685,144.252,263.361,0,326.461,162.883,386.042,324.501,114,519,250,"0007F84B2F","F","Black",2023-02-21,NA,NA,"MFWS","MFWS",2023,NA,"MulligansBorn",NA,NA,"Yes","MF",NA,NA,NA,NA,NA,NA,NA,NA,NA,NA,NA,NA,1387,2024-01-25,"No","No","SR","2024-01-25 22:53:00",2024-01-25 22:55:39,"1. Quiet","1. Quiet","1. Quiet","Excellent",0.91,NA,"1 (adult)",NA,NA,0,0,"White","Blunt","Shiny","1-2yrs",NA,54.6,55.2,81.4,"Yes","1.8402777777777777E-3","W57",0,0,"MFWS",42,2024-01-25,2024-01-26,"MF behavioural assays",20.8,"Still",0.955743030355272,1899-12-31 22:05:00,1899-12-31 01:40:00,2024-01-26 05:46:00,"34 trap set",NA,-1343.2,-1.30958992225885
"32",2024-01-25,"MFWS","MFBehavAssaysSUMA","MulligansA_6",1.3452852285508,"61888","Initial assay",1,"W62","Aquollpolis",2024-01-25 00:35:17,"2024-01-25 00:35:17",0,"E","0","CG","SP",59,"MulligansA_6_61888",18,2,81,75,116,11,0,11,21,23,12,10.36,63,71.91,114.997,97.842,86.956,0,667.75,141.699,240.218,148.468,67,303,240,"8061888","F","Black",2023-02-17,NA,NA,"MFWS","MFWS",2023,NA,"MulligansBorn",NA,NA,"Yes","MF",NA,NA,NA,NA,NA,NA,NA,NA,NA,NA,NA,NA,1388,2024-01-25,"No","No","SR","2024-01-25 23:12:00",2024-01-25 23:14:14,"1. Quiet","1. Quiet","1. Quiet","Excellent",1.09,NA,"1 (adult)",NA,NA,0,0,"White","Blunt","Dull","2-3yrs",NA,55.5,56.9,87.9,"Yes","1.5509259259259259E-3","W62",0,0,"MFWS",42,2024-01-25,2024-01-26,"MF behavioural assays",20.8,"Still",0.955743030355272,1899-12-31 22:05:00,1899-12-31 01:40:00,2024-01-26 05:46:00,"34 trap set",NA,-1358.95,-1.30679734190696
"33",2024-01-25,"MFWS","MFBehavAssaysSUMA","MulligansA_7",1.3452852285508,"5597A","Initial assay",1,"W19","Aquollpolis",2024-01-25 01:26:53,"2024-01-25 01:26:53",0,"E","0","CG","SP",48,"MulligansA_7_5597A",9,0,40,51,83,8,0,3,4,8,6,6.68,0,89.717,85.018,68.788,507.394,0,325.318,29.116,64.912,780.634,21,191,325,"000815597A","F","Black",2024-01-25,NA,NA,"MFWS","MFWS",2024,NA,"MulligansBorn",NA,NA,"Yes","MF",NA,NA,NA,NA,NA,0,0,0,NA,NA,NA,0,1389,2024-01-25,"Yes","No","MWS","2024-01-25 23:35:00",2024-01-25 23:43:47,"1. Quiet","1. Quiet","1. Quiet","Good",0.33,NA,"0 (immature)",NA,NA,0,0,"White","Sharp","Shiny","<1yr",NA,44,43.8,77.3,"Yes","6.099537037037037E-3","W19",0,0,"MFWS",42,2024-01-25,2024-01-26,"MF behavioural assays",20.8,"Still",0.955743030355272,1899-12-31 22:05:00,1899-12-31 01:40:00,2024-01-26 05:46:00,"34 trap set",NA,-1336.9,-1.25593952561605
"34",2024-01-25,"MFWS","MFBehavAssaysSUMA","MulligansA_8",1.3452852285508,"53512",NA,1,"W63","Quollosseum",2024-01-25 01:31:48,"2024-01-25 01:31:48",0,"P","1","CG","SP",59,"MulligansA_8_53512",31,0,64,43,112,25,0,15,31,27,11,118.786,0,179.776,43.891,129.8,609.229,0,360.065,181.289,225.693,432.87,84,275,271,"900215006953512","F","Black",2023-04-27,NA,NA,"MFWS","MFWS",2023,NA,"MulligansBorn",NA,NA,"Yes","MF",NA,NA,NA,NA,NA,NA,NA,NA,NA,NA,NA,NA,1383,2024-01-25,"No","No","SR","2024-01-25 23:24:00",2024-01-25 23:27:11,"1. Quiet","1. Quiet","1. Quiet","Good",0.92,NA,"3",NA,NA,0,0,"White","Blunt","Dull","1-2yrs",NA,54.6,53.4,86.8,"Yes","2.2106481481481482E-3","W63",0,0,"MFWS",42,2024-01-25,2024-01-26,"MF behavioural assays",20.8,"Still",0.955743030355272,1899-12-31 22:05:00,1899-12-31 01:40:00,2024-01-26 05:46:00,"34 trap set",NA,-1315.38333333333,-1.25109357735836
"35",2024-02-20,"MFWS","MFBehavAssaysSUMB","MulligansB_1",-0.41750231230887,"563A6","Initial assay",1,"W71","Quollosseum",2024-02-20 23:31:39,"2024-02-20 23:31:42",2.99999999999088,"E","0","CG","SP",54,"MulligansB_1_563A6",20,7,2,10,38,0,0,1,2,2,1,35.12,21.4,15.64,53.559,34,0,0,48.479,21.678,190.358,939.48,6,77,323,"00081563A6","F","Black",2024-01-25,NA,NA,"MFWS","MFWS",2024,NA,"MulligansBorn",NA,NA,"Yes","MF",NA,NA,NA,NA,NA,0,0,0,NA,NA,NA,0,1502,2024-02-20,"No","Yes","SR","2024-02-20 22:15:00",2024-02-20 22:17:40,"1. Quiet","1. Quiet","1. Quiet","Excellent",0.575,NA,"1 (adult)",NA,NA,0,0,"WHITE","SHARP","SHINY","1-2yrs",NA,51.2,51.3,80.6,"Yes","1.8518518518518519E-3","W71",0,0,"MFWS",49,2024-02-20,2024-02-21,"MF behavioural assays",13,"Still",0.357994650649744,1899-12-31 21:30:00,1899-12-31 04:00:00,2024-02-21 06:15:00,"34 traps set",NA,73.9833333333333,0.0211896040199316
"36",2024-02-21,"MFWS","MFBehavAssaysSUMB","MulligansB_10",-0.41750231230887,"56861","Repeat assay",2,"W55","Quollosseum",2024-02-21 02:34:56,"2024-02-21 02:35:02",5.99999999999974,"E","0","CG","SP",29,"MulligansB_10_56861",18,0,64,94,150,37,0,19,36,31,14,435.638,0,112.761,163.299,85.091,177.371,0,295.901,160.524,143.289,600.187,100,363,320,"8156861","F","Black",2024-01-25,NA,NA,"MFWS","MFWS",2024,NA,"MulligansBorn",NA,NA,"Yes","MF",NA,NA,NA,NA,NA,0,0,0,NA,NA,NA,0,1519,2024-02-21,"No","Yes","MT","2024-02-21 01:03:00",2024-02-21 01:10:53,"1. Quiet","2. Fiesty","1. Quiet","Good",0.56,NA,"0 (immature)",NA,NA,0,0,"WHITE","SHARP","SHINY","1-2yrs",NA,50.3,49.5,81.7,"Yes","5.4745370370370373E-3","W55",0,0,"MFWS",49,2024-02-20,2024-02-21,"MF behavioural assays",13,"Still",0.357994650649744,1899-12-31 21:30:00,1899-12-31 04:00:00,2024-02-21 06:15:00,"34 traps set",NA,84.05,0.201836698900787
"37",2024-02-21,"MFWS","MFBehavAssaysSUMB","MulligansB_11",-0.41750231230887,"525C8","Repeat assay",2,"W29","Quollympia",2024-02-21 02:37:48,"2024-02-21 02:38:50",61.9999999999997,"P","1","CG","SP",43,"MulligansB_11_525C8",15,0,3,23,34,0,0,1,1,3,2,63.76,0,15.04,112.438,23.479,0,0,283.479,29.839,738.718,147.958,7,75,327,"00081525C8","M","Fawn",2024-01-25,NA,NA,"MFWS","MFWS",2024,NA,"MulligansBorn",NA,NA,"Yes","MF",NA,NA,NA,NA,NA,0,0,0,NA,NA,NA,0,1517,2024-02-21,"No","Yes","HG","2024-02-21 01:08:00",2024-02-21 01:08:00,"1. Quiet","1. Quiet","1. Quiet","Good",1.07,NA,NA,NA,NA,0,0,"WHITE","SHARP","SHINY","1-2yrs",NA,53.5,53,84.7,"Yes","5","W29",0,0,"MFWS",49,2024-02-20,2024-02-21,"MF behavioural assays",13,"Still",0.357994650649744,1899-12-31 21:30:00,1899-12-31 04:00:00,2024-02-21 06:15:00,"34 traps set",NA,89.8,0.20466213313917
"38",2024-02-21,"MFWS","MFBehavAssaysSUMB","MulligansB_12",-0.41750231230887,"61888","Repeat assay",2,"W62","Aquollpolis",2024-02-21 02:41:38,"2024-02-21 02:42:11",32.9999999999992,"E","0","CG","SP",58,"MulligansB_12_61888",6,0,19,61,77,3,0,7,14,18,11,10.52,0,44.517,269.488,77.5,12.118,0,139.833,85.466,127.822,846.83,50,166,240,"8061888","F","Black",2023-02-17,NA,NA,"MFWS","MFWS",2023,NA,"MulligansBorn",NA,NA,"Yes","MF",NA,NA,NA,NA,NA,NA,NA,NA,NA,NA,NA,NA,1515,2024-02-21,"No","Yes","SR","2024-02-21 00:15:00",2024-02-21 00:18:16,"1. Quiet","1. Quiet","1. Quiet","Good",1.095,NA,"1 (adult)",NA,NA,0,0,"DISCOLOURED","BLUNT","DULL","2-3yrs","Offwhite and yellow molars",54.5,56.7,91.1,"Yes","2.2685185185185187E-3","W62",0,0,"MFWS",49,2024-02-20,2024-02-21,"MF behavioural assays",13,"Still",0.357994650649744,1899-12-31 21:30:00,1899-12-31 04:00:00,2024-02-21 06:15:00,"34 traps set",NA,143.366666666667,0.208440330085846
"39",2024-02-21,"MFWS","MFBehavAssaysSUMB","MulligansB_13",-0.41750231230887,"84B2F","Repeat assay",2,"W57","Quollosseum",2024-02-21 03:18:57,"2024-02-21 03:20:12",74.9999999999997,"P","1","CG","SP",44,"MulligansB_13_84B2F",31,0,34,65,130,15,0,17,21,9,4,68.4,0,100.943,121.462,95.953,54.993,0,817.464,197.379,53.231,131.876,51,275,250,"0007F84B2F","F","Black",2023-02-21,NA,NA,"MFWS","MFWS",2023,NA,"MulligansBorn",NA,NA,"Yes","MF",NA,NA,NA,NA,NA,NA,NA,NA,NA,NA,NA,NA,1518,2024-02-21,"No","Yes","SR","2024-02-21 00:48:00",2024-02-21 00:50:34,"1. Quiet","1. Quiet","1. Quiet","Good",0.825,NA,"1 (adult)",NA,NA,0,0,"WHITE","BLUNT","DULL","1-2yrs",NA,51.8,53.6,84.7,"Yes","1.7824074074074075E-3","W57",0,0,"MFWS",49,2024-02-20,2024-02-21,"MF behavioural assays",13,"Still",0.357994650649744,1899-12-31 21:30:00,1899-12-31 04:00:00,2024-02-21 06:15:00,"34 traps set",NA,148.383333333333,0.245220256014575
"40",2024-02-21,"MFWS","MFBehavAssaysSUMB","MulligansB_14",-0.41750231230887,"56EB2","Initial assay",1,"W62","Quollympia",2024-02-21 03:22:44,"2024-02-21 03:22:48",3.99999999999983,"E","0","CG","SP",51,"MulligansB_14_56EB2",15,1,58,64,99,34,0,17,29,18,5,191.119,50.36,229.561,140.474,72.825,330.293,0,483.263,484.171,168.263,64.235,69,271,322,"0008156EB2","F","Black",2024-01-25,NA,NA,"MFWS","MFWS",2024,NA,"MulligansBorn",NA,NA,"Yes","MF",NA,NA,NA,NA,NA,0,0,0,NA,NA,NA,0,1514,2024-02-21,"No","Yes","SR","2024-02-21 00:15:00",2024-02-21 00:23:03,"1. Quiet","1. Quiet","1. Quiet","Good",0.55,NA,"1 (adult)",NA,NA,0,0,"WHITE","SHARP","SHINY","1-2yrs","Discoloured molars",51.2,52,80.8,"Yes","5.5902777777777773E-3","W62",0,0,"MFWS",49,2024-02-20,2024-02-21,"MF behavioural assays",13,"Still",0.357994650649744,1899-12-31 21:30:00,1899-12-31 04:00:00,2024-02-21 06:15:00,"34 traps set",NA,179.683333333333,0.248949172131512
"41",2024-02-21,"MFWS","MFBehavAssaysSUMB","MulligansB_15",-0.41750231230887,"86E19",NA,1,"W63","Aquollpolis",2024-02-21 03:25:15,"2024-02-21 03:25:33",18.0000000000004,"E","0","CG","SP",47,"MulligansB_15_86E19",13,3,33,92,107,7,0,12,19,17,9,79.039,76.96,230.594,243.158,91.896,115.877,0,544.828,298.181,198.744,158.191,57,255,344,"0008086E19","F","Black",2024-02-20,NA,NA,"MFWS","MFWS",2024,NA,"MulligansBorn",NA,NA,"Yes","MF",NA,NA,NA,NA,NA,0,0,0,NA,NA,NA,0,1511,2024-02-20,"Yes","No","MT","2024-02-20 23:36:00",2024-02-20 23:48:50,"1. Quiet","1. Quiet","1. Quiet","Good",0.65,NA,"1 (adult)",NA,NA,0,0,"WHITE","SHARP","SHINY","1-2yrs",NA,50.8,50.8,79.5,"Yes","8.9120370370370378E-3","W63",0,0,"MFWS",49,2024-02-20,2024-02-21,"MF behavioural assays",13,"Still",0.357994650649744,1899-12-31 21:30:00,1899-12-31 04:00:00,2024-02-21 06:15:00,"34 traps set",NA,216.416666666667,0.251429640561721
"42",2024-02-21,"MFWS","MFBehavAssaysSUMB","MulligansB_16",-0.637850754916329,"5597A","Repeat assay",2,"W19","Quollosseum",2024-02-21 04:08:25,"2024-02-21 04:10:01",96.0000000000006,"P","1","CG","SP",38,"MulligansB_16_5597A",15,2,2,47,85,0,0,4,6,8,5,105.08,35.88,1.44,167.312,81.79,0,0,805.637,80.034,111.232,203.075,23,151,325,"000815597A","F","Black",2024-01-25,NA,NA,"MFWS","MFWS",2024,NA,"MulligansBorn",NA,NA,"Yes","MF",NA,NA,NA,NA,NA,0,0,0,NA,NA,NA,0,1523,2024-02-21,"No","Yes","HG","2024-02-21 02:40:00",2024-02-21 02:40:00,"1. Quiet","1. Quiet","1. Quiet","Good",0.66,NA,"0 (immature)",NA,NA,0,0,"WHITE","SHARP","SHINY","<1yr",NA,47.2,46.6,75.9,"Yes","0","W19",0,0,"MFWS",49,2024-02-20,2024-02-21,"MF behavioural assays",13,"Still",0.357994650649744,1899-12-31 21:30:00,1899-12-31 04:00:00,2024-02-21 06:15:00,"34 traps set",NA,88.4166666666667,0.293975423569943
"43",2024-02-21,"MFWS","MFBehavAssaysSUMB","MulligansB_17",-0.637850754916329,"67D6E","Repeat assay",2,"W27","Quollympia",2024-02-21 04:13:00,"2024-02-21 04:14:07",67.0000000000025,"P","1","CG","SP",59,"MulligansB_17_67D6E",3,1,7,10,20,1,0,2,2,1,1,3.36,9,40.519,29.755,21.397,17.319,0,1023.318,49.558,19.319,107.8,6,42,339,"0008067D6E","F","Black",2023-11-06,NA,NA,"MFWS","MFWS",2023,NA,"MulligansBorn",NA,NA,"Yes","MF",NA,NA,NA,NA,NA,NA,NA,NA,NA,NA,NA,NA,1506,2024-02-20,"No","Yes","CH","2024-02-20 23:30:00",2024-02-20 23:34:10,"1. Quiet","1. Quiet","1. Quiet","Good",1.16,NA,"1 (adult)",NA,NA,0,0,"WHITE","BLUNT","DULL","2-3yrs",NA,52,52.5,94.5,"Yes","2.8935185185185184E-3","W27",0,0,"MFWS",49,2024-02-20,2024-02-21,"MF behavioural assays",13,"Still",0.357994650649744,1899-12-31 21:30:00,1899-12-31 04:00:00,2024-02-21 06:15:00,"34 traps set",NA,278.833333333333,0.298492832962708
"44",2024-02-21,"MFWS","MFBehavAssaysSUMB","MulligansB_18",-0.637850754916329,"53326","Repeat assay",2,"W27","Aquollpolis",2024-02-21 04:17:39,"2024-02-21 04:17:45",6.00000000000094,"E","0","CG","SP",60,"MulligansB_18_53326",5,4,74,55,98,35,0,11,21,23,12,5.08,71.88,156.965,67.929,86.787,122.063,0,614.79,157.5,180.057,247.508,67,271,263,"900215006953326","F","Black",2023-04-28,NA,NA,"MFWS","MFWS",2023,NA,"MulligansBorn",NA,NA,"Yes","MF",NA,NA,NA,NA,NA,NA,NA,NA,NA,NA,NA,NA,1507,2024-02-20,"No","Yes","CH","2024-02-20 23:41:00",2024-02-20 23:45:46,"1. Quiet","1. Quiet","1. Quiet","Good",1.19,NA,"1 (adult)",NA,NA,0,0,"WHITE","SHARP","SHINY","1-2yrs",NA,53.1,52,96.9,"Yes","3.3101851851851851E-3","W27",0,0,"MFWS",49,2024-02-20,2024-02-21,"MF behavioural assays",13,"Still",0.357994650649744,1899-12-31 21:30:00,1899-12-31 04:00:00,2024-02-21 06:15:00,"34 traps set",NA,271.883333333333,0.303075950128459
"45",2024-02-20,"MFWS","MFBehavAssaysSUMB","MulligansB_2",-0.41750231230887,"53511",NA,1,"W71","Quollympia",2024-02-20 23:34:14,"2024-02-20 23:34:32",18.0000000000028,"E","0","CG","SP",60,"MulligansB_2_53511",13,5,21,28,53,8,0,1,3,7,5,4.48,107.92,87.552,91.073,33.075,270.837,0,82.519,192.917,296.233,628.316,16,128,295,"900215006953511","F","Black",2023-05-18,NA,NA,"MFWS","MFWS",2023,NA,"MulligansBorn",NA,NA,"Yes","MF",NA,NA,NA,NA,NA,NA,NA,NA,NA,NA,NA,NA,1503,2024-02-20,"No","No","SR","2024-02-20 22:22:00",2024-02-20 22:25:05,"1. Quiet","2. Fiesty","2. Fiesty","Good",1.12,NA,"1 (adult)",NA,NA,0,0,"DISCOLOURED","BLUNT","SHINY","2-3yrs",NA,55.1,53.7,88.2,"Yes","2.1412037037037038E-3","W71",0,0,"MFWS",49,2024-02-20,2024-02-21,"MF behavioural assays",13,"Still",0.357994650649744,1899-12-31 21:30:00,1899-12-31 04:00:00,2024-02-21 06:15:00,"34 traps set",NA,69.15,0.0237357802231264
"46",2024-02-21,"MFWS","MFBehavAssaysSUMB","MulligansB_20",-0.858199197523788,"56ABE",NA,1,"W22","Quollympia",2024-02-21 05:13:35,"2024-02-21 05:14:16",41,"E","0","CG","SP",50,"MulligansB_20_56ABE",18,1,4,56,90,0,0,5,8,9,5,75.72,50.4,17,141.46,100.38,0,0,725.276,71.112,178.111,225.475,27,169,350,"0008156ABE","M","Fawn",2024-02-21,NA,NA,"MFWS","MFWS",2024,NA,"MulligansBorn",NA,NA,"Yes","MF",NA,NA,NA,NA,NA,0,0,0,NA,NA,NA,0,1522,2024-02-21,"Yes","No","CH","2024-02-21 02:14:00",2024-02-21 02:19:35,"1. Quiet","1. Quiet","1. Quiet","Good",0.93,NA,NA,NA,NA,0,0,"WHITE","SHARP","SHINY","1-2yrs",NA,51.3,52.4,85.8,"Yes","3.8773148148148148E-3","W22",0,0,"MFWS",49,2024-02-20,2024-02-21,"MF behavioural assays",13,"Still",0.357994650649744,1899-12-31 21:30:00,1899-12-31 04:00:00,2024-02-21 06:15:00,"34 traps set",NA,174,0.358204771663436
"47",2024-02-21,"MFWS","MFBehavAssaysSUMB","MulligansB_21",-0.858199197523788,"71B69",NA,1,"W55","Aquollpolis",2024-02-21 05:16:50,"2024-02-21 05:17:04",14.0000000000006,"E","0","CG","SP",50,"MulligansB_21_71B69",25,7,59,91,137,24,0,14,24,21,11,69.159,98.92,199.896,156.306,104.373,163.712,0,632.146,167.856,172.379,227.55,70,343,348,"0008171B69","F","Black",2024-02-21,NA,NA,"MFWS","MFWS",2024,NA,"MulligansBorn",NA,NA,"Yes","MF",NA,NA,NA,NA,NA,0,0,0,NA,NA,NA,0,1520,2024-02-21,"Yes","No","MT","2024-02-21 01:15:00",2024-02-21 01:22:55,"2. Fiesty","2. Fiesty","3. OTT","Good",0.64,NA,"0 (immature)",NA,NA,0,0,"WHITE","SHARP","SHINY","<1yr",NA,49.5,52.1,82.9,"Yes","5.4976851851851853E-3","W55",0,0,"MFWS",49,2024-02-20,2024-02-21,"MF behavioural assays",13,"Still",0.357994650649744,1899-12-31 21:30:00,1899-12-31 04:00:00,2024-02-21 06:15:00,"34 traps set",NA,233.916666666667,0.361408025596487
"48",2024-02-21,"MFWS","MFBehavAssaysSUMB","MulligansB_22",-0.858199197523788,"71A4D",NA,1,"W81","Quollosseum",2024-02-21 05:19:25,"2024-02-21 05:20:40",74.9999999999997,"P","1","CG","SP",49,"MulligansB_22_71A4D",8,0,19,51,58,6,0,2,5,7,4,40,0,80.433,186.542,48.906,136.558,0,105.278,72.115,68.193,954.397,18,142,347,"0008171A4D","M","Black",2024-02-21,NA,NA,"MFWS","MFWS",2024,NA,"MulligansBorn",NA,NA,"Yes","MF",NA,NA,NA,NA,NA,0,0,0,NA,NA,NA,0,1516,2024-02-21,"Yes","No","HG","2024-02-21 00:37:00",2024-02-21 00:37:00,"1. Quiet","1. Quiet","1. Quiet","Good",1.225,NA,NA,NA,NA,0,0,"WHITE","SHARP","SHINY","1-2yrs",NA,55.6,56.3,88.1,"Yes","0","W81",0,0,"MFWS",49,2024-02-20,2024-02-21,"MF behavioural assays",13,"Still",0.357994650649744,1899-12-31 21:30:00,1899-12-31 04:00:00,2024-02-21 06:15:00,"34 traps set",NA,282.416666666667,0.363954201799682
"49",2024-02-20,"MFWS","MFBehavAssaysSUMB","MulligansB_3",-0.41750231230887,"53527","Repeat assay",2,"W75","Aquollpolis",2024-02-20 23:36:49,"2024-02-20 23:36:51",1.99999999999392,"E","0","CG","SP",60,"MulligansB_3_53527",12,0,17,27,43,13,0,3,6,9,6,13.719,0,57.267,90.268,48.55,53.036,0,166.397,67.954,146.431,819.195,24,112,281,"900215006953527","F","Black",2023-05-04,NA,NA,"MFWS","MFWS",2023,NA,"MulligansBorn",NA,NA,"Yes","MF",NA,NA,NA,NA,NA,NA,NA,NA,NA,NA,NA,NA,1508,2024-02-20,"No","Yes","SR","2024-02-20 23:36:00",2024-02-20 23:39:05,"1. Quiet","1. Quiet","1. Quiet","Good",0.9,NA,"1 (adult)",NA,NA,0,0,"WHITE","BLUNT","DULL","1-2yrs",NA,55.7,56.8,88.2,"Yes","2.1412037037037038E-3","W75",0,0,"MFWS",49,2024-02-20,2024-02-21,"MF behavioural assays",13,"Still",0.357994650649744,1899-12-31 21:30:00,1899-12-31 04:00:00,2024-02-21 06:15:00,"34 traps set",NA,-2.26666666666667,0.0262819564263211
"50",2024-02-21,"MFWS","MFBehavAssaysSUMB","MulligansB_4",-0.41750231230887,"5CB85","Repeat assay",2,"W64","Quollosseum",2024-02-21 00:24:16,"2024-02-21 00:25:27",70.9999999999999,"P","1","CG","SP",60,"MulligansB_4_5CB85",9,0,11,39,50,4,0,6,8,6,3,2.52,0,31.676,248.303,31.633,16.36,0,971.595,53.672,57.154,117.557,23,113,252,"000805CB85","F","Black",2023-02-21,NA,NA,"MFWS","MFWS",2023,NA,"MulligansBorn",NA,NA,"Yes","MF",NA,NA,NA,NA,NA,NA,NA,NA,NA,NA,NA,NA,1510,2024-02-20,"No","Yes","SR","2024-02-20 22:50:00",2024-02-20 22:52:51,"1. Quiet","1. Quiet","1. Quiet","Good",0.94,NA,"1 (adult)",NA,NA,0,0,"WHITE","BLUNT","DULL","1-2yrs",NA,51.5,52.3,91.3,"Yes","1.9791666666666668E-3","W64",0,0,"MFWS",49,2024-02-20,2024-02-21,"MF behavioural assays",13,"Still",0.357994650649744,1899-12-31 21:30:00,1899-12-31 04:00:00,2024-02-21 06:15:00,"34 traps set",NA,91.4166666666667,0.0730494638488721
"51",2024-02-21,"MFWS","MFBehavAssaysSUMB","MulligansB_5",-0.41750231230887,"71872","Repeat assay",2,"W64","Quollympia",2024-02-21 00:28:26,"2024-02-21 00:29:29",63,"P","1","CG","SP",29,"MulligansB_5_71872",19,1,83,107,129,46,0,4,13,27,17,89.919,2,200.04,182.445,102.837,385.89,0,217.996,222.667,327.054,432.223,61,385,328,"8171872","F","Black",2024-01-25,NA,NA,"MFWS","MFWS",2024,NA,"MulligansBorn",NA,NA,"Yes","MF",NA,NA,NA,NA,NA,0,0,0,NA,NA,NA,0,1509,2024-02-20,"No","Yes","SR","2024-02-20 22:45:00",2024-02-20 22:48:01,"1. Quiet","2. Fiesty","1. Quiet","Good",0.6,NA,"1 (adult)",NA,NA,0,0,"WHITE","SHARP","SHINY","1-2yrs",NA,50.2,50.5,80.2,"Yes","2.0949074074074073E-3","W64",0,0,"MFWS",49,2024-02-20,2024-02-21,"MF behavioural assays",13,"Still",0.357994650649744,1899-12-31 21:30:00,1899-12-31 04:00:00,2024-02-21 06:15:00,"34 traps set",NA,100.416666666667,0.0771561996604766
"52",2024-02-21,"MFWS","MFBehavAssaysSUMB","MulligansB_6",-0.41750231230887,"88B4C","Initial assay",1,"W29","Aquollpolis",2024-02-21 00:32:54,"2024-02-21 00:33:58",63.9999999999999,"P","1","CG","SP",36,"MulligansB_6_88B4C",2,1,0,3,7,0,0,1,0,0,0,42,34.24,0,74.08,8.16,0,0,1200,0,0,0,1,13,334,"0008088B4C","F","Black",2023-11-03,NA,NA,"MFWS","MFWS",2023,NA,"MulligansBorn",NA,NA,"Yes","MF",NA,NA,NA,NA,NA,NA,NA,NA,NA,NA,NA,NA,1504,2024-02-20,"No","Yes","CH","2024-02-20 22:30:00",2024-02-20 22:30:00,"1. Quiet","1. Quiet","1. Quiet","Good",1.365,NA,"1 (adult)",NA,NA,0,0,"WHITE","BLUNT","DULL","1-2yrs",NA,56.9,56.4,92.6,"Yes",NA,"W29",0,0,"MFWS",49,2024-02-20,2024-02-21,"MF behavioural assays",13,"Still",0.357994650649744,1899-12-31 21:30:00,1899-12-31 04:00:00,2024-02-21 06:15:00,"34 traps set",NA,122.9,0.0815586204505165
"53",2024-02-21,"MFWS","MFBehavAssaysSUMB","MulligansB_7",-0.41750231230887,"53515",NA,1,"W81","Quollosseum",2024-02-21 01:49:14,"2024-02-21 01:49:14",0,"E","0","CG","SP",58,"MulligansB_7_53515",18,0,63,82,116,13,0,10,19,17,8,9.56,0,244.144,93.673,65.019,55.711,0,241.63,698.942,87.143,172.232,54,292,343,"900215006953515","F","Black",2024-02-20,NA,NA,"MFWS","MFWS",2024,NA,"MulligansBorn",NA,NA,"Yes","MF",NA,NA,NA,NA,NA,0,0,0,NA,NA,NA,0,1505,2024-02-20,"Yes","No","CH","2024-02-20 22:54:00",2024-02-20 22:54:00,"1. Quiet","1. Quiet","1. Quiet","Good",0.75,NA,"0 (immature)",NA,NA,0,0,"WHITE","SHARP","SHINY","<1yr",NA,51.4,51.3,79.7,"Yes",NA,"W81",0,0,"MFWS",49,2024-02-20,2024-02-21,"MF behavioural assays",13,"Still",0.357994650649744,1899-12-31 21:30:00,1899-12-31 04:00:00,2024-02-21 06:15:00,"34 traps set",NA,175.233333333333,0.156794020519109
"54",2024-02-21,"MFWS","MFBehavAssaysSUMB","MulligansB_8",-0.41750231230887,"524E3",NA,1,"W25","Quollympia",2024-02-21 01:54:27,"2024-02-21 01:54:36",9.00000000000021,"E","0","CG","SP",51,"MulligansB_8_524E3",9,1,33,87,80,10,0,8,15,12,5,3.12,1.2,266.191,287.68,55.826,37.553,0,357.272,681.146,96.028,65.515,40,220,346,"00081524E3","M","Black",2024-02-21,NA,NA,"MFWS","MFWS",2024,NA,"MulligansBorn",NA,NA,"Yes","MF",NA,NA,NA,NA,NA,0,0,0,NA,NA,NA,0,1513,2024-02-21,"Yes","No","CH","2024-02-21 00:20:00",2024-02-21 00:25:11,"1. Quiet","1. Quiet","1. Quiet","Fair",1.095,NA,NA,NA,NA,0,0,"WHITE","SHARP","SHINY","1-2yrs",NA,53.1,53,91,"Yes","3.5995370370370369E-3","W25",0,0,"MFWS",49,2024-02-20,2024-02-21,"MF behavioural assays",13,"Still",0.357994650649744,1899-12-31 21:30:00,1899-12-31 04:00:00,2024-02-21 06:15:00,"34 traps set",NA,89.2666666666667,0.161935653755238
"55",2024-02-21,"MFWS","MFBehavAssaysSUMB","MulligansB_9",-0.41750231230887,"53221",NA,1,"W25","Aquollpolis",2024-02-21 01:57:22,"2024-02-21 01:57:22",0,"E","0","CG","SP",40,"MulligansB_9_53221",13,5,30,57,113,0,0,8,19,24,13,27.4,70,45.76,90.019,75.865,0,0,75.952,795.302,177.536,150.947,64,218,345,"900215006953221","M","Black",2024-02-21,NA,NA,"MFWS","MFWS",2024,NA,"MulligansBorn",NA,NA,"Yes","MF",NA,NA,NA,NA,NA,0,0,0,NA,NA,NA,0,1512,2024-02-21,"Yes","No","HG","2024-02-21 00:02:00",2024-02-21 00:17:12,"1. Quiet","1. Quiet","1. Quiet","Good",1.705,NA,NA,NA,NA,0,0,"DISCOLOURED","BLUNT","DULL","2-3yrs",NA,58.3,58.3,102.8,"Yes","1.0555555555555556E-2","W25",0,0,"MFWS",49,2024-02-20,2024-02-21,"MF behavioural assays",13,"Still",0.357994650649744,1899-12-31 21:30:00,1899-12-31 04:00:00,2024-02-21 06:15:00,"34 traps set",NA,100.166666666667,0.164810368823361
"56",2023-09-21,"MFWS","MFBehavAssaysSPRA","MulligansTrial_1",-2.400638295776,"87DE0","Initial, trial",1,"W83","Quollosseum",2023-09-21 23:00:00,"2023-09-21 23:02:00",120,"P","1","CG","SP",5,"Mulligans_Sept_1_87DE0",48,0,18,94,109,0,0,7,13,15,9,144.957,0,168,311.262,79.939,0,0,172.073,188.307,372.425,467.152,44,269,293,"0008087DE0","M","Black",2023-05-18,NA,NA,"MFWS","MFWS",2023,NA,"MulligansBorn",NA,NA,"Yes","MF",NA,NA,NA,NA,NA,NA,NA,NA,NA,NA,NA,NA,1440,2023-09-21,"No","No","BW","2023-09-21 20:33:00",2023-09-21 20:40:00,"1. Quiet","1. Quiet","1. Quiet","Good",0.91,NA,NA,NA,NA,NA,NA,"White","Blunt","Dull","1-2yrs",NA,54,53.9,93,"Yes","4.8611111111111112E-3","W83",NA,NA,"MFWS",43,2023-09-21,2023-09-22,"MF behavioural assays",0.4,NA,-2.13820258300054,NA,NA,2023-09-22 05:29:00,"24 traps set",NA,140,0.0353332021550972
"57",2023-09-26,"Goorooyarroo","BAM_GS_2023SPRA","GoorooSept_1",-1.07854764013125,"53328","Initial assay",1,"G33","Quollosseum",2023-09-26 00:19:08,"2023-09-26 00:20:23",75,"P","1","CG","SP",60,"GS_Sept23_53328",1,0,1,8,14,0,0,1,1,1,1,0.24,0,2.24,198.799,9.919,0,0,89.199,0.919,4.279,1105.6,4,24,275,"900215006953328","M","Black",2023-04-28,NA,NA,"MFWS","MFWS",2023,NA,"MulligansBorn",NA,NA,"Yes","MF",NA,NA,NA,NA,NA,NA,NA,NA,NA,NA,NA,NA,1450,2023-09-25,"No","No","JN","2023-09-25 23:27:00",2023-09-25 23:32:00,"1. Quiet","1. Quiet","1. Quiet","Good",1.37,NA,NA,NA,NA,NA,NA,"White","Sharp","Shiny","1-2yrs",NA,54,56.6,98.3,"Yes","3.472222222222222E-3","G73",NA,NA,"GS",45,2023-09-25,2023-09-26,"GS bettong monitoring Spring + EQ behavioural Assays",5.5,"Still",-0.0102183512488612,1899-12-31 22:24:00,NA,2023-09-26 05:22:00,"Full GS reserve trapping and camera monitoring",NA,47.1333333333333,0.120227644852584
